,City_state,Census,Estimates Base,2010,2011,2012,2013,2014,2015,2016,2017,2018,2019,City,rest2
0,"Adelanto city, California",31765,31760,31661,31864,31088,31206,32522,32961,33249,33952,34070,34049,Adelanto,", California"
1,"Agoura Hills city, California",20330,20336,20338,20475,20544,20591,20648,20740,20665,20572,20411,20222,Agoura Hills,", California"
2,"Alameda city, California",73812,73812,73946,74692,75637,76479,77509,78459,79091,79037,78344,77624,Alameda,", California"
3,"Albany city, California",18539,18515,18539,18720,18957,19187,19434,19662,19713,20076,19885,19696,Albany,", California"
4,"Alhambra city, California",83089,83119,83160,83594,84120,84337,84786,84843,85221,84878,84373,83750,Alhambra,", California"
5,"Aliso Viejo city, California",47823,47674,47801,48474,49038,49538,49542,49499,50858,50982,51206,50887,Aliso Viejo,", California"
6,"Alturas city, California",2827,2827,2832,2772,2719,2652,2636,2626,2589,2551,2523,2563,Alturas,", California"
7,"Amador City city, California",185,182,182,182,181,180,182,186,188,189,190,190,Amador City,", California"
8,"American Canyon city, California",19454,19560,19633,19839,20011,20224,20285,20317,20268,20055,20211,20475,American Canyon,", California"
9,"Anaheim city, California",336265,336109,336760,339831,342071,343832,344604,348251,350013,350476,350698,350365,Anaheim,", California"
10,"Anderson city, California",9932,9968,9976,10024,10061,10123,10188,10179,10193,10369,10486,10630,Anderson,", California"
11,"Angels city, California",3836,3812,3801,3774,3744,3731,3735,3755,3849,3881,3911,3956,Angels,", California"
12,"Antioch city, California",102372,102745,103080,104193,105565,107351,109071,110308,111088,111494,111578,111502,Antioch,", California"
13,"Apple Valley city, California",69135,69146,69307,70025,70381,70706,71141,71747,72262,72871,73349,73453,Apple Valley,", California"
14,"Arcadia city, California",56364,56303,56322,56594,56801,57215,57513,57835,58238,58374,58385,57939,Arcadia,", California"
15,"Arcata city, California",17231,17410,17681,17912,17875,17860,17869,17945,18100,18148,18246,18431,Arcata,", California"
16,"Arroyo Grande city, California",17252,17275,17292,17355,17522,17696,17859,18027,18051,18057,18037,17976,Arroyo Grande,", California"
17,"Artesia city, California",16522,16522,16519,16575,16630,16679,16755,16835,16826,16808,16702,16601,Artesia,", California"
18,"Arvin city, California",19304,19304,19345,19676,20058,20260,20498,20741,20997,21124,21446,21851,Arvin,", California"
19,"Atascadero city, California",28310,28306,28418,28585,28725,29000,29329,29910,30173,30316,30257,30075,Atascadero,", California"
20,"Atherton city, California",6914,6919,6915,6950,7023,7087,7127,7163,7234,7215,7178,7137,Atherton,", California"
21,"Atwater city, California",28168,28215,28286,28527,28622,28712,28861,29048,29196,29270,29415,29559,Atwater,", California"
22,"Auburn city, California",13330,13312,13345,13523,13611,13818,13878,13868,13919,13971,14078,14195,Auburn,", California"
23,"Avalon city, California",3728,3728,3728,3742,3754,3761,3768,3769,3758,3743,3712,3681,Avalon,", California"
24,"Avenal city, California",15505,15504,15278,15095,14858,14133,13257,13236,12434,12407,13218,13496,Avenal,", California"
25,"Azusa city, California",46361,46574,46534,46722,47360,47889,48561,49502,49683,49799,49811,49974,Azusa,", California"
26,"Bakersfield city, California",347483,347817,348987,353221,357312,362834,366954,371348,374699,377940,381714,384145,Bakersfield,", California"
27,"Baldwin Park city, California",75390,75397,75421,75750,76183,76364,76375,76427,76219,75948,75572,75251,Baldwin Park,", California"
28,"Banning city, California",29603,29592,29723,29993,30219,30429,30612,30761,30963,31160,31235,31221,Banning,", California"
29,"Barstow city, California",22639,22750,22812,23020,23118,23301,23484,23689,23894,23981,23944,23915,Barstow,", California"
30,"Beaumont city, California",36877,36867,37261,38514,39286,40337,41994,43479,45156,46848,49126,51063,Beaumont,", California"
31,"Bell city, California",35477,35469,35481,35640,35758,35847,35874,35892,35756,35596,35612,35521,Bell,", California"
32,"Bellflower city, California",76616,76625,76624,76939,77202,77404,77532,77794,77581,77326,76906,76435,Bellflower,", California"
33,"Bell Gardens city, California",42072,42053,42056,42211,42628,42706,42714,42743,42675,42489,42192,42012,Bell Gardens,", California"
34,"Belmont city, California",25835,25833,25870,26173,26509,26770,27013,27204,27177,27057,27075,26941,Belmont,", California"
35,"Belvedere city, California",2068,2071,2073,2091,2106,2121,2134,2128,2123,2116,2109,2104,Belvedere,", California"
36,"Benicia city, California",26997,27035,27063,27190,27380,27578,27827,28029,28126,28255,28282,28240,Benicia,", California"
37,"Berkeley city, California",112580,112513,112889,113968,115309,116944,118697,120749,121547,122164,121663,121363,Berkeley,", California"
38,"Beverly Hills city, California",34109,33921,33937,34077,34254,34308,34363,34386,34402,34242,34051,33792,Beverly Hills,", California"
39,"Big Bear Lake city, California",5019,5037,5047,5089,5112,5127,5159,5201,5232,5264,5271,5279,Big Bear Lake,", California"
40,"Biggs city, California",1707,1705,1703,1693,1692,1689,1692,1690,1695,1706,1716,1879,Biggs,", California"
41,"Bishop city, California",3879,3879,3872,3847,3837,3832,3815,3772,3728,3722,3728,3747,Bishop,", California"
42,"Blue Lake city, California",1253,1253,1253,1246,1241,1238,1238,1248,1266,1263,1258,1245,Blue Lake,", California"
43,"Blythe city, California",20817,20877,20569,20294,20659,19868,19268,19202,19786,19705,19964,19682,Blythe,", California"
44,"Bradbury city, California",1048,1047,1047,1056,1062,1073,1073,1079,1075,1085,1079,1070,Bradbury,", California"
45,"Brawley city, California",24953,24976,25038,25226,25473,25519,25660,25728,26050,26217,26172,26227,Brawley,", California"
46,"Brea city, California",39282,39195,39422,39828,40139,40906,41265,41693,42392,42574,43484,43255,Brea,", California"
47,"Brentwood city, California",51481,51627,51813,52716,53508,54916,56854,58796,60571,62265,63760,64474,Brentwood,", California"
48,"Brisbane city, California",4282,4282,4290,4345,4402,4453,4602,4712,4711,4702,4683,4671,Brisbane,", California"
49,"Buellton city, California",4828,4849,4855,4877,4921,4978,5036,5069,5097,5094,5090,5102,Buellton,", California"
50,"Buena Park city, California",80530,80619,80792,81553,82045,82717,82621,82770,82988,82619,82187,81788,Buena Park,", California"
51,"Burbank city, California",103340,103357,103351,103732,104077,104355,104405,104472,104097,104174,103349,102511,Burbank,", California"
52,"Burlingame city, California",28806,28806,28838,29261,29640,29928,30258,30458,30439,30588,30434,30889,Burlingame,", California"
53,"Calabasas city, California",23058,23462,23464,23742,23825,24041,24058,24102,24068,24047,23867,23853,Calabasas,", California"
54,"Calexico city, California",38572,38573,38661,38927,39147,39298,39550,39767,40028,40083,40072,39825,Calexico,", California"
55,"California City city, California",14120,14120,13467,12834,13344,13202,13203,13202,13656,13884,14167,14198,California City,", California"
56,"Calimesa city, California",7879,7882,7918,7997,8092,8201,8380,8493,8621,8807,8944,9160,Calimesa,", California"
57,"Calipatria city, California",7705,7694,7689,7684,7986,7083,7491,7391,7505,7539,7418,7114,Calipatria,", California"
58,"Calistoga city, California",5155,5168,5174,5204,5224,5256,5274,5285,5285,5241,5300,5247,Calistoga,", California"
59,"Camarillo city, California",65201,65156,65257,65515,65656,65882,66517,67171,67141,67403,68883,69888,Camarillo,", California"
60,"Campbell city, California",39349,40580,40669,41027,41519,41891,42256,42262,42303,42567,42243,41793,Campbell,", California"
61,"Canyon Lake city, California",10561,10553,10599,10699,10783,10861,10945,11007,11095,11188,11251,11280,Canyon Lake,", California"
62,"Capitola city, California",9918,9917,9925,9968,10010,10066,10114,10166,10178,10152,10073,10010,Capitola,", California"
63,"Carlsbad city, California",105328,105328,105674,107460,108948,110665,111609,112662,113265,114477,115518,115382,Carlsbad,", California"
64,"Carmel-by-the-Sea city, California",3722,3678,3687,3716,3749,3780,3804,3821,3836,3822,3815,3811,Carmel-by-the-Sea,", California"
65,"Carpinteria city, California",13040,13003,13013,13021,13144,13460,13565,13605,13598,13540,13436,13385,Carpinteria,", California"
66,"Carson city, California",91714,91711,91599,91690,92162,92535,92684,92752,92572,92193,91626,91394,Carson,", California"
67,"Cathedral City city, California",51200,51230,51452,52077,52478,52846,53187,53516,53943,54413,54793,55007,Cathedral City,", California"
68,"Ceres city, California",45417,45843,45901,46057,46263,46482,46918,47431,47985,48340,48540,48706,Ceres,", California"
69,"Cerritos city, California",49041,49043,49042,49223,49384,49507,49532,49546,50346,50697,50288,49859,Cerritos,", California"
70,"Chico city, California",86187,86798,86783,87269,87915,88362,89491,90369,91564,93066,94342,103301,Chico,", California"
71,"Chino city, California",77983,78069,78644,79591,79949,80799,84296,85169,87468,89601,91356,94371,Chino,", California"
72,"Chino Hills city, California",74799,74792,74963,75639,76042,76285,76509,77826,78452,80115,83239,83853,Chino Hills,", California"
73,"Chowchilla city, California",18720,18785,18718,18892,18049,17357,18843,18391,18179,18457,18709,18310,Chowchilla,", California"
74,"Chula Vista city, California",243916,243923,244648,248318,252379,256691,259885,264206,266238,269046,270819,274492,Chula Vista,", California"
75,"Citrus Heights city, California",83301,83184,83273,83781,84308,84924,85665,86543,87179,87675,87707,87796,Citrus Heights,", California"
76,"Claremont city, California",34926,34878,34899,35190,35281,35650,35715,35962,35889,35835,36370,36266,Claremont,", California"
77,"Clayton city, California",10897,10918,10958,11148,11271,11481,11667,11840,12008,12127,12196,12265,Clayton,", California"
78,"Clearlake city, California",15250,15250,15267,15139,15067,15015,15052,15101,15526,15532,15355,15267,Clearlake,", California"
79,"Cloverdale city, California",8618,8614,8621,8650,8665,8716,8754,8774,8781,8741,8844,8656,Cloverdale,", California"
80,"Clovis city, California",95631,95980,96386,97557,98588,99631,101904,103828,106353,109316,111824,114584,Clovis,", California"
81,"Coachella city, California",40704,40708,40984,41878,42571,42960,43885,44344,44785,45280,45751,45743,Coachella,", California"
82,"Coalinga city, California",13380,18342,18330,18303,17055,16974,16647,16755,16827,16988,16774,17179,Coalinga,", California"
83,"Colfax city, California",1963,1950,1957,1975,1987,1996,2000,1994,1997,1999,1996,2002,Colfax,", California"
84,"Colma city, California",1792,1433,1435,1451,1470,1484,1497,1505,1500,1493,1492,1489,Colma,", California"
85,"Colton city, California",52154,52148,52261,52712,52945,53105,53706,54291,54507,54680,54637,54824,Colton,", California"
86,"Colusa city, California",5971,6222,6229,6190,6190,6171,6126,6105,6156,6146,6094,6060,Colusa,", California"
87,"Commerce city, California",12823,12840,12840,12887,12929,12960,12964,12963,12922,12862,12762,12661,Commerce,", California"
88,"Compton city, California",96455,96404,96442,96933,97350,97600,97634,97639,97281,97047,96348,95605,Compton,", California"
89,"Concord city, California",122067,122169,122505,123518,124678,125888,127128,128303,129036,129592,129743,129295,Concord,", California"
90,"Corcoran city, California",24813,24823,24467,24133,23694,23350,22834,22516,22716,21820,21720,21960,Corcoran,", California"
91,"Corning city, California",7663,7663,7676,7643,7612,7550,7516,7531,7546,7582,7564,7710,Corning,", California"
92,"Corona city, California",152374,152315,153052,154693,157405,158763,160419,163154,166067,167310,168476,169868,Corona,", California"
93,"Coronado city, California",18912,24701,23961,23336,23194,23347,23549,23682,25084,24323,21336,23731,Coronado,", California"
94,"Corte Madera city, California",9253,9265,9273,9350,9386,9469,9908,9899,9864,9820,9803,9751,Corte Madera,", California"
95,"Costa Mesa city, California",109960,110078,110221,111151,111790,112244,112485,112808,112933,113665,113302,113003,Costa Mesa,", California"
96,"Cotati city, California",7265,7265,7273,7303,7320,7375,7411,7427,7443,7451,7584,7410,Cotati,", California"
97,"Covina city, California",47796,47786,47785,47963,48211,48350,48538,48569,48393,48178,47820,47450,Covina,", California"
98,"Crescent City city, California",7643,7640,7596,7517,7393,7169,6780,6767,6644,6386,6805,6787,Crescent City,", California"
99,"Cudahy city, California",23805,23809,23809,23901,23987,24050,24070,24111,24039,23934,23755,23569,Cudahy,", California"
100,"Culver City city, California",38883,38895,38888,39024,39208,39312,39329,39369,39231,39024,39059,39185,Culver City,", California"
101,"Cupertino city, California",58302,58559,58689,59172,59769,60198,60592,60519,60900,60588,60004,59276,Cupertino,", California"
102,"Cypress city, California",47802,47865,47957,48399,48677,48971,48936,48994,48813,48835,48826,49006,Cypress,", California"
103,"Daly City city, California",101123,101116,101262,102460,103915,104980,105887,106538,106882,106733,106869,106280,Daly City,", California"
104,"Dana Point city, California",33351,33290,33336,33634,33830,33962,33927,33968,33931,33768,33629,33577,Dana Point,", California"
105,"Danville city, California",42039,41865,41987,42379,42801,43262,43817,44311,44715,44727,44683,44510,Danville,", California"
106,"Davis city, California",65622,65639,65584,65657,65781,66213,66545,67367,68028,68802,69220,69413,Davis,", California"
107,"Delano city, California",53041,53044,53130,53620,52403,52331,52447,52495,52568,52877,52921,53573,Delano,", California"
108,"Del Mar city, California",4161,4163,4173,4202,4236,4273,4299,4330,4348,4340,4335,4319,Del Mar,", California"
109,"Del Rey Oaks city, California",1624,1624,1628,1640,1655,1664,1670,1674,1679,1672,1662,1654,Del Rey Oaks,", California"
110,"Desert Hot Springs city, California",25938,27054,27172,27422,27628,27817,28008,28145,28397,28648,28815,28878,Desert Hot Springs,", California"
111,"Diamond Bar city, California",55544,55568,55588,55854,56087,56233,56279,56429,56581,56334,56106,55720,Diamond Bar,", California"
112,"Dinuba city, California",21453,21460,21570,22606,22809,23233,23528,23554,23875,23903,24236,24461,Dinuba,", California"
113,"Dixon city, California",18351,18417,18431,18490,18619,18931,19098,19299,19766,20138,20478,20698,Dixon,", California"
114,"Dorris city, California",939,939,941,930,915,902,900,903,902,903,898,897,Dorris,", California"
115,"Dos Palos city, California",4950,4950,4962,5003,5017,5026,5046,5084,5217,5407,5502,5527,Dos Palos,", California"
116,"Downey city, California",111772,111775,111785,112215,112582,112858,113091,113260,112896,112426,111915,111126,Downey,", California"
117,"Duarte city, California",21321,21325,21348,21425,21601,21646,21808,21809,21725,21624,21454,21271,Duarte,", California"
118,"Dublin city, California",46036,46036,45903,46804,48700,52027,54554,57545,59579,60797,63423,64826,Dublin,", California"
119,"Dunsmuir city, California",1650,1640,1640,1619,1595,1572,1567,1571,1571,1572,1568,1564,Dunsmuir,", California"
120,"East Palo Alto city, California",28155,28155,28222,28551,28926,29212,29482,29661,29811,29671,29486,29314,East Palo Alto,", California"
121,"Eastvale city, California",(X),53712,54054,54966,55627,56247,57386,59231,60670,62309,63815,64157,Eastvale,", California"
122,"El Cajon city, California",99478,99584,99823,100795,101537,102303,102789,103230,103527,103468,103041,102708,El Cajon,", California"
123,"El Centro city, California",42598,42588,42678,42977,43023,43316,43496,43655,44028,44114,44089,44079,El Centro,", California"
124,"El Cerrito city, California",23549,23585,23644,23845,24074,24323,24551,24902,25458,25468,25607,25508,El Cerrito,", California"
125,"Elk Grove city, California",153015,152995,153375,155615,158083,160251,162701,165997,169156,171425,172603,174775,Elk Grove,", California"
126,"El Monte city, California",113475,113531,113677,114101,114843,115414,115627,115824,115550,115514,115308,115487,El Monte,", California"
127,"El Paso de Robles (Paso Robles) city, California",29793,29747,29786,30076,30399,30718,31108,31346,31722,31772,32133,32153,El Paso de Robles (Paso Robles),", California"
128,"El Segundo city, California",16654,16656,16656,16719,16796,16855,16900,16891,16835,16752,16663,16610,El Segundo,", California"
129,"Emeryville city, California",10080,10112,10125,10222,10358,10878,11311,11765,11792,11751,12109,12086,Emeryville,", California"
130,"Encinitas city, California",59518,59526,59684,60264,60890,61555,62023,62590,62921,62884,62750,62709,Encinitas,", California"
131,"Escalon city, California",7132,7123,7135,7190,7215,7216,7343,7474,7501,7550,7566,7574,Escalon,", California"
132,"Escondido city, California",143911,143976,144440,146099,147570,148794,149708,150683,151204,151220,151793,151625,Escondido,", California"
133,"Etna city, California",737,737,736,730,724,714,712,711,713,716,717,718,Etna,", California"
134,"Eureka city, California",27191,27196,27201,27161,26931,26895,26874,26902,27153,27126,26968,26710,Eureka,", California"
135,"Exeter city, California",10334,10332,10341,10375,10420,10458,10490,10486,10477,10502,10508,10485,Exeter,", California"
136,"Fairfax city, California",7441,7444,7450,7512,7545,7609,7631,7624,7602,7568,7560,7522,Fairfax,", California"
137,"Fairfield city, California",105321,105467,105598,106245,107497,109137,110727,112365,114456,115817,116678,117133,Fairfield,", California"
138,"Farmersville city, California",10588,10588,10585,10594,10639,10680,10711,10710,10702,10726,10729,10703,Farmersville,", California"
139,"Ferndale city, California",1371,1373,1374,1379,1367,1362,1363,1364,1371,1372,1363,1352,Ferndale,", California"
140,"Fillmore city, California",15002,14987,15013,15076,15117,15226,15324,15444,15557,15703,15742,15870,Fillmore,", California"
141,"Firebaugh city, California",7549,7562,7601,7764,7894,8053,8259,8276,8290,8294,8315,8296,Firebaugh,", California"
142,"Folsom city, California",72203,72147,72110,72542,73042,72782,74950,75935,76999,77798,78842,81328,Folsom,", California"
143,"Fontana city, California",196069,196458,197317,199880,201212,202670,203972,206163,208718,211122,213202,214547,Fontana,", California"
144,"Fort Bragg city, California",7273,7306,7307,7277,7279,7268,7283,7277,7291,7308,7347,7291,Fort Bragg,", California"
145,"Fort Jones city, California",839,710,710,704,694,686,684,683,685,690,689,692,Fort Jones,", California"
146,"Fortuna city, California",11926,12039,12048,12028,11927,11891,11973,12057,12199,12277,12322,12259,Fortuna,", California"
147,"Foster City city, California",30567,30568,30609,30965,32098,32416,32698,33470,34279,34292,34109,33901,Foster City,", California"
148,"Fountain Valley city, California",55313,55360,55470,55950,56318,56601,56671,56643,56423,56051,55663,55357,Fountain Valley,", California"
149,"Fowler city, California",5570,5654,5665,5921,5929,5938,6028,6242,6353,6487,6750,6790,Fowler,", California"
150,"Fremont city, California",214089,214074,214553,217391,221426,224796,228274,231687,233478,234544,237811,241110,Fremont,", California"
151,"Fresno city, California",494665,497172,497769,501429,505414,508880,514100,518203,521426,525373,528814,531576,Fresno,", California"
152,"Fullerton city, California",135161,135233,135291,136386,138103,138637,138840,139982,140454,139744,139273,138632,Fullerton,", California"
153,"Galt city, California",23647,23703,23739,24142,24274,24433,24760,25226,25619,26167,26378,26536,Galt,", California"
154,"Gardena city, California",58829,58829,58835,59114,59368,59788,59843,59946,59873,59871,59540,59329,Gardena,", California"
155,"Garden Grove city, California",170883,170958,171181,172957,173809,174422,174423,174343,174571,173422,172195,171644,Garden Grove,", California"
156,"Gilroy city, California",48821,48879,49006,49700,50718,51893,52538,53259,55369,57549,58588,59032,Gilroy,", California"
157,"Glendale city, California",191719,191692,191720,192656,193859,195318,198232,199197,200118,201804,200688,199303,Glendale,", California"
158,"Glendora city, California",50073,50267,50376,50624,50795,51120,51065,51769,51882,51997,51846,51544,Glendora,", California"
159,"Goleta city, California",29888,30096,30143,30176,30387,30639,30880,30963,30921,31098,30954,30911,Goleta,", California"
160,"Gonzales city, California",8187,8149,8171,8230,8301,8349,8379,8402,8428,8396,8349,8306,Gonzales,", California"
161,"Grand Terrace city, California",12040,12040,12064,12155,12243,12301,12334,12387,12460,12557,12556,12584,Grand Terrace,", California"
162,"Grass Valley city, California",12860,12876,12876,12903,12820,12784,12840,12929,12927,12932,12881,12817,Grass Valley,", California"
163,"Greenfield city, California",16330,16334,16414,16540,16682,16766,16826,17047,17361,17362,17561,17516,Greenfield,", California"
164,"Gridley city, California",6584,6640,6634,6605,6605,6603,6624,6617,6622,6636,6634,7246,Gridley,", California"
165,"Grover Beach city, California",13156,13161,13176,13210,13307,13403,13464,13526,13586,13585,13501,13459,Grover Beach,", California"
166,"Guadalupe city, California",7080,7080,7086,7091,7139,7191,7248,7279,7288,7319,7613,7783,Guadalupe,", California"
167,"Gustine city, California",5520,5520,5534,5582,5601,5621,5649,5712,5801,5815,5847,5882,Gustine,", California"
168,"Half Moon Bay city, California",11324,11324,11345,11501,11677,12054,12355,12657,12761,12840,12974,12932,Half Moon Bay,", California"
169,"Hanford city, California",53967,54436,54463,54612,54524,54741,55086,55608,55663,56383,56971,57703,Hanford,", California"
170,"Hawaiian Gardens city, California",14254,14273,14277,14329,14376,14419,14430,14461,14423,14356,14262,14159,Hawaiian Gardens,", California"
171,"Hawthorne city, California",84293,84290,84295,84922,85359,85863,86740,87669,87685,87308,86671,86068,Hawthorne,", California"
172,"Hayward city, California",144186,144427,144835,146935,149406,151753,154376,157999,159331,160324,159760,159203,Hayward,", California"
173,"Healdsburg city, California",11254,11255,11309,11350,11392,11485,11613,11705,11806,11795,12076,11845,Healdsburg,", California"
174,"Hemet city, California",78657,78630,79090,80226,81033,81718,82541,83305,84121,84809,85148,85334,Hemet,", California"
175,"Hercules city, California",24060,24089,24147,24346,24571,24804,25038,25271,25416,25505,25612,26276,Hercules,", California"
176,"Hermosa Beach city, California",19506,19508,19506,19570,19640,19674,19659,19688,19722,19590,19404,19320,Hermosa Beach,", California"
177,"Hesperia city, California",90173,90100,90279,91168,91568,91777,92071,92653,93251,94473,95013,95750,Hesperia,", California"
178,"Hidden Hills city, California",1856,1856,1856,1869,1878,1891,1895,1908,1916,1910,1891,1890,Hidden Hills,", California"
179,"Highland city, California",53104,53106,53218,53671,53939,54150,54325,54553,54752,55198,55311,55417,Highland,", California"
180,"Hillsborough city, California",10825,10839,10859,11001,11131,11261,11379,11466,11490,11464,11446,11387,Hillsborough,", California"
181,"Hollister city, California",34928,34805,34973,35304,35731,36184,36665,36960,37576,38377,39750,40740,Hollister,", California"
182,"Holtville city, California",5939,5947,5961,6002,6007,6021,6251,6360,6418,6559,6661,6621,Holtville,", California"
183,"Hughson city, California",6640,6649,6664,6714,6849,6988,7177,7319,7398,7467,7538,7565,Hughson,", California"
184,"Huntington Beach city, California",189992,191038,191296,192995,194174,197107,199610,200653,200284,200938,200126,199223,Huntington Beach,", California"
185,"Huntington Park city, California",58114,58125,58125,58334,58524,58739,58908,58933,58701,58476,57998,57509,Huntington Park,", California"
186,"Huron city, California",6754,6745,6752,6745,6754,6765,6779,6802,6924,7285,7278,7281,Huron,", California"
187,"Imperial city, California",14758,14733,14836,15190,15556,16111,16680,16943,17089,17432,17671,18120,Imperial,", California"
188,"Imperial Beach city, California",26324,26329,26388,26617,26821,27031,27055,27259,27329,27278,27362,27440,Imperial Beach,", California"
189,"Indian Wells city, California",4958,4958,4982,5040,5088,5139,5193,5255,5324,5392,5435,5470,Indian Wells,", California"
190,"Indio city, California",76036,79166,79665,81046,82250,83358,85127,86917,88196,89438,90970,91765,Indio,", California"
191,"Industry city, California",219,217,214,206,204,207,207,207,207,206,204,202,Industry,", California"
192,"Inglewood city, California",109673,109649,109658,110501,110866,110954,110840,110693,110271,109907,109038,108151,Inglewood,", California"
193,"Ione city, California",7918,7913,7748,7562,7318,6963,6972,6997,7031,7818,8381,8568,Ione,", California"
194,"Irvine city, California",212375,212107,213450,220303,229063,236057,247136,255382,265345,276000,281732,287401,Irvine,", California"
195,"Irwindale city, California",1422,1418,1418,1416,1413,1413,1417,1421,1427,1452,1458,1446,Irwindale,", California"
196,"Isleton city, California",804,804,805,810,815,819,824,830,835,844,843,844,Isleton,", California"
197,"Jackson city, California",4651,4672,4658,4624,4607,4596,4611,4660,4695,4734,4793,4840,Jackson,", California"
198,"Jurupa Valley city, California",(X),94986,95590,97195,98350,99469,100080,101460,103240,105760,108314,109527,Jurupa Valley,", California"
199,"Kerman city, California",13544,13567,13634,13877,14285,14299,14329,14412,14534,14860,14987,15282,Kerman,", California"
200,"King City city, California",12874,12874,12902,13001,13119,13189,13482,13789,13830,13941,13970,14077,King City,", California"
201,"Kingsburg city, California",11382,11454,11464,11556,11636,11698,11727,11800,11831,12013,12071,12108,Kingsburg,", California"
202,"La Cañada Flintridge city, California",20246,20256,20258,20348,20417,20470,20451,20428,20397,20297,20161,20009,La Cañada Flintridge,", California"
203,"Lafayette city, California",23893,23791,23873,24288,24570,25024,25423,25790,26153,26388,26524,26638,Lafayette,", California"
204,"Laguna Beach city, California",22723,22733,22765,22976,23098,23213,23214,23232,23165,23045,22931,22827,Laguna Beach,", California"
205,"Laguna Hills city, California",30344,30673,30713,30983,31146,31260,31215,31973,31849,31631,31395,31207,Laguna Hills,", California"
206,"Laguna Niguel city, California",62979,62989,63119,63774,64134,64381,65079,65396,65145,66011,66079,66385,Laguna Niguel,", California"
207,"Laguna Woods city, California",16192,15991,16012,16148,16233,16290,16264,16251,16184,16068,15949,15850,Laguna Woods,", California"
208,"La Habra city, California",60239,59016,59108,59658,59970,60224,60421,60473,60292,60898,60778,60513,La Habra,", California"
209,"La Habra Heights city, California",5325,6537,6540,6573,6606,6622,6628,6639,6616,6590,6545,6492,La Habra Heights,", California"
210,"Lake Elsinore city, California",51821,53313,53627,55078,56044,57711,60111,61955,63807,66066,68051,69283,Lake Elsinore,", California"
211,"Lake Forest city, California",77264,77445,77552,78299,78727,79112,79678,81964,83019,83878,85381,85531,Lake Forest,", California"
212,"Lakeport city, California",4753,4754,4757,4717,4683,4753,4765,4780,4909,4909,4926,5006,Lakeport,", California"
213,"Lakewood city, California",80048,80086,80079,80413,80672,80883,80927,80951,80895,80510,79907,79307,Lakewood,", California"
214,"La Mesa city, California",57065,57016,57149,57644,58099,58556,58855,59697,59751,59722,59389,59249,La Mesa,", California"
215,"La Mirada city, California",48527,48527,48535,48702,48851,48961,49019,49129,49054,48827,48544,48183,La Mirada,", California"
216,"Lancaster city, California",156633,156649,156824,158078,158253,159055,159634,159813,159633,159434,158622,157601,Lancaster,", California"
217,"La Palma city, California",15568,15525,15545,15676,15757,15846,15819,15806,15739,15644,15525,15428,La Palma,", California"
218,"La Puente city, California",39816,39832,39843,40032,40166,40305,40367,40412,40250,40078,39772,39614,La Puente,", California"
219,"La Quinta city, California",37467,37465,37670,38142,38494,39119,39742,40209,40777,41180,41464,41748,La Quinta,", California"
220,"Larkspur city, California",11926,11908,11920,12022,12075,12185,12286,12383,12362,12316,12302,12254,Larkspur,", California"
221,"Lathrop city, California",18023,17589,17695,18313,18615,19120,19506,20287,21564,22221,23227,24483,Lathrop,", California"
222,"La Verne city, California",31063,31096,31103,31231,31349,31659,32240,32442,32350,32258,32096,31974,La Verne,", California"
223,"Lawndale city, California",32769,32769,32775,32902,33019,33108,33141,33157,33033,32875,32647,32389,Lawndale,", California"
224,"Lemon Grove city, California",25320,25318,25380,25603,25934,26116,26404,26554,26766,26963,26885,26811,Lemon Grove,", California"
225,"Lemoore city, California",24531,24534,24537,24467,24614,24826,25010,25452,25666,26262,26470,26725,Lemoore,", California"
226,"Lincoln city, California",42819,42926,43099,43771,44240,45018,45727,46286,46965,47525,47862,48275,Lincoln,", California"
227,"Lindsay city, California",11768,11756,11772,12659,12771,12938,13107,13147,13213,13249,13448,13463,Lindsay,", California"
228,"Live Oak city, California",8392,8465,8465,8550,8361,8373,8383,8411,8707,8724,8723,8912,Live Oak,", California"
229,"Livermore city, California",80968,81426,81599,82589,83831,85448,87017,88248,89572,90137,90253,90189,Livermore,", California"
230,"Livingston city, California",13058,13020,13068,13366,13416,13460,13722,13810,13916,14085,14417,14896,Livingston,", California"
231,"Lodi city, California",62134,62121,62253,62741,63048,63128,63620,64264,64578,65715,67003,67586,Lodi,", California"
232,"Loma Linda city, California",23261,23306,23368,23533,23632,23691,23749,23952,24091,24132,24331,24482,Loma Linda,", California"
233,"Lomita city, California",20256,20256,20263,20364,20490,20597,20619,20659,20629,20576,20448,20320,Lomita,", California"
234,"Lompoc city, California",42434,42438,42322,42188,43075,43384,43870,43916,43537,43274,42689,42853,Lompoc,", California"
235,"Long Beach city, California",462257,462221,462431,464512,466873,468000,469109,470128,468719,466646,465865,462628,Long Beach,", California"
236,"Loomis city, California",6430,6417,6435,6524,6579,6640,6687,6691,6747,6793,6819,6866,Loomis,", California"
237,"Los Alamitos city, California",11449,11376,11391,11492,11560,11597,11631,11621,11587,11526,11458,11399,Los Alamitos,", California"
238,"Los Altos city, California",28976,29024,29091,29473,29813,30014,30277,30667,30728,30677,30456,30089,Los Altos,", California"
239,"Los Altos Hills city, California",7922,8050,8069,8148,8264,8345,8440,8468,8564,8561,8530,8423,Los Altos Hills,", California"
240,"Los Angeles city, California",3792621,3793139,3795512,3820876,3851202,3881622,3909901,3938568,3963226,3975788,3977596,3979576,Los Angeles,", California"
241,"Los Banos city, California",35972,35971,36070,36367,36495,36608,36820,37151,37461,38933,39960,41036,Los Banos,", California"
242,"Los Gatos city, California",29413,29715,29792,30123,30443,30722,30976,30970,30984,30914,30599,30222,Los Gatos,", California"
243,"Loyalton city, California",769,766,761,732,722,714,701,704,696,707,702,702,Loyalton,", California"
244,"Lynwood city, California",69772,69763,69595,69661,70576,71146,71193,71397,70979,70685,70285,69887,Lynwood,", California"
245,"McFarland city, California",12707,12707,12723,12784,12362,12430,13577,13941,14484,14996,15139,15506,McFarland,", California"
246,"Madera city, California",61416,61513,61603,61907,62382,62749,63230,63690,64187,64941,65440,65860,Madera,", California"
247,"Malibu city, California",12645,12634,12639,12691,12750,12807,12839,12865,12853,12817,12757,11820,Malibu,", California"
248,"Mammoth Lakes city, California",8234,8234,8231,8284,8226,8058,8086,8045,8158,8182,8220,8235,Mammoth Lakes,", California"
249,"Manhattan Beach city, California",35135,35131,35123,35232,35345,35426,35461,35504,35608,35702,35418,35183,Manhattan Beach,", California"
250,"Manteca city, California",67096,67348,67733,69244,70884,71761,73157,75088,76831,79079,81603,83028,Manteca,", California"
251,"Maricopa city, California",1154,1154,1155,1162,1170,1178,1185,1187,1187,1191,1194,1192,Maricopa,", California"
252,"Marina city, California",19718,19718,19743,19876,20149,20269,20680,21071,21622,21986,22456,22781,Marina,", California"
253,"Martinez city, California",35824,36032,36157,36502,36825,37119,37473,38050,38325,38411,38406,38297,Martinez,", California"
254,"Marysville city, California",12072,12072,12094,12097,12113,12154,12165,12154,12193,12351,12452,12476,Marysville,", California"
255,"Maywood city, California",27395,27382,27381,27474,27543,27614,27628,27636,27536,27406,27196,26973,Maywood,", California"
256,"Mendota city, California",11014,11306,11332,11501,11519,11512,11505,11526,11541,11543,11526,11511,Mendota,", California"
257,"Menifee city, California",77519,77382,77929,79665,81026,83045,84522,86411,88057,90104,92249,94756,Menifee,", California"
258,"Menlo Park city, California",32026,32019,32080,32450,32821,33013,33211,33389,33970,34184,34500,34698,Menlo Park,", California"
259,"Merced city, California",78958,78958,79131,79705,80231,80703,81120,81775,82232,82589,83113,83676,Merced,", California"
260,"Millbrae city, California",21532,21537,21572,21847,22123,22480,22669,22803,22764,22649,22530,22394,Millbrae,", California"
261,"Mill Valley city, California",13903,13905,13921,14064,14157,14307,14379,14377,14351,14287,14296,14259,Mill Valley,", California"
262,"Milpitas city, California",66790,66820,66729,67124,68862,69944,73560,77485,77829,77874,80208,84196,Milpitas,", California"
263,"Mission Viejo city, California",93305,93103,93225,94020,94627,96003,96622,96543,96149,95551,94925,94381,Mission Viejo,", California"
264,"Modesto city, California",201165,203114,203301,204017,205040,206075,207652,209245,211231,213000,214389,215196,Modesto,", California"
265,"Monrovia city, California",36590,36600,36599,36744,36859,36992,37066,37153,37019,36846,36592,36331,Monrovia,", California"
266,"Montague city, California",1443,1443,1444,1431,1411,1395,1388,1388,1388,1396,1394,1398,Montague,", California"
267,"Montclair city, California",36664,36645,36743,37279,37440,37923,38212,38447,38784,39124,39324,40083,Montclair,", California"
268,"Montebello city, California",62500,62488,62490,62903,63123,63279,63322,63379,63134,62823,62440,61954,Montebello,", California"
269,"Monterey city, California",27810,27691,27908,28246,28750,28600,28549,28496,28568,28411,28170,28178,Monterey,", California"
270,"Monterey Park city, California",60269,60225,60218,60460,60645,60796,60832,60908,60830,60668,60198,59669,Monterey Park,", California"
271,"Monte Sereno city, California",3341,3318,3331,3360,3401,3442,3473,3489,3511,3514,3480,3427,Monte Sereno,", California"
272,"Moorpark city, California",34421,34523,34644,34906,35010,35136,35474,36000,36444,36561,36438,36375,Moorpark,", California"
273,"Moraga city, California",16016,16006,16057,16308,16476,16753,16993,17220,17441,17600,17693,17783,Moraga,", California"
274,"Moreno Valley city, California",193365,193305,194240,196590,198214,200195,201831,202919,204711,206741,208889,213055,Moreno Valley,", California"
275,"Morgan Hill city, California",37882,37969,38071,38840,39490,41028,42074,42991,44430,44961,45084,45952,Morgan Hill,", California"
276,"Morro Bay city, California",10234,10235,10244,10281,10365,10447,10498,10578,10612,10603,10559,10543,Morro Bay,", California"
277,"Mountain View city, California",74066,74008,74236,75108,76507,77955,79150,80345,80821,81189,83168,82739,Mountain View,", California"
278,"Mount Shasta city, California",3394,3392,3390,3352,3311,3263,3271,3274,3270,3286,3277,3274,Mount Shasta,", California"
279,"Murrieta city, California",103466,103731,104229,105370,106509,107361,108037,109372,111492,112995,114715,116223,Murrieta,", California"
280,"Napa city, California",76915,77088,77185,77679,78168,78728,79384,79636,79616,79083,78946,78130,Napa,", California"
281,"National City city, California",58582,58560,58624,59042,59369,59776,60132,60721,60967,61083,61272,61394,National City,", California"
282,"Needles city, California",4844,4826,4836,4875,4896,4908,4928,4949,4967,4987,4977,4976,Needles,", California"
283,"Nevada City city, California",3068,3067,3080,3103,3095,3095,3070,3153,3145,3136,3139,3148,Nevada City,", California"
284,"Newark city, California",42573,42573,42628,43019,43533,44078,44640,45236,45872,47429,48185,49149,Newark,", California"
285,"Newman city, California",10224,10261,10273,10527,10580,10629,10711,10840,11065,11288,11611,11784,Newman,", California"
286,"Newport Beach city, California",85186,85211,85329,86073,86522,86877,86688,86585,86510,85740,85074,84534,Newport Beach,", California"
287,"Norco city, California",27063,27212,27240,27366,27457,27033,26998,26307,26807,26861,26791,26604,Norco,", California"
288,"Norwalk city, California",105549,105549,105544,105903,105976,106122,106189,106237,105844,105466,104798,103949,Norwalk,", California"
289,"Novato city, California",51904,51869,51970,52680,53221,54142,54856,55406,55913,55701,55640,55516,Novato,", California"
290,"Oakdale city, California",20675,20744,20823,20949,21224,21457,21764,22125,22573,23026,23395,23596,Oakdale,", California"
291,"Oakland city, California",390724,390765,391406,396086,401104,406648,412901,418211,420947,424382,429056,433031,Oakland,", California"
292,"Oakley city, California",35432,35423,35666,36596,37177,38142,39118,39708,40665,41618,42121,42543,Oakley,", California"
293,"Oceanside city, California",167086,167547,168079,170008,171590,173175,174318,175189,175451,175884,175758,175742,Oceanside,", California"
294,"Ojai city, California",7461,7469,7482,7515,7540,7573,7593,7593,7573,7545,7480,7470,Ojai,", California"
295,"Ontario city, California",163924,163936,164377,165756,166630,167096,168097,170210,172561,175334,180718,185010,Ontario,", California"
296,"Orange city, California",136416,136776,137103,138539,139372,139972,139424,140503,140581,140251,139449,138669,Orange,", California"
297,"Orange Cove city, California",9078,9735,9750,10190,10205,10215,10220,10258,10272,10293,10286,10273,Orange Cove,", California"
298,"Orinda city, California",17643,17759,17820,18124,18333,18674,18973,19251,19521,19707,19821,19926,Orinda,", California"
299,"Orland city, California",7291,7342,7384,7452,7397,7442,7486,7489,7523,7622,7635,7827,Orland,", California"
300,"Oroville city, California",15546,18725,18700,18604,18640,18750,18945,18956,18996,19103,19130,20737,Oroville,", California"
301,"Oxnard city, California",197899,198047,198539,199968,201105,202835,204560,206228,207455,208831,209271,208881,Oxnard,", California"
302,"Pacifica city, California",37234,37338,37394,37844,38335,38722,39074,39309,39267,38999,38754,38546,Pacifica,", California"
303,"Pacific Grove city, California",15041,15039,15081,15214,15355,15435,15495,15551,15585,15575,15487,15413,Pacific Grove,", California"
304,"Palmdale city, California",152750,152733,152936,153996,154861,156495,156770,156988,156739,156558,156158,155079,Palmdale,", California"
305,"Palm Desert city, California",48445,48449,48684,49251,49775,50357,50916,51552,52077,52794,53129,53275,Palm Desert,", California"
306,"Palm Springs city, California",44552,44555,44781,45225,45716,46158,46634,47111,47577,48048,48355,48518,Palm Springs,", California"
307,"Palo Alto city, California",64403,64387,64535,65345,66089,66613,66848,66782,67353,66960,66258,65364,Palo Alto,", California"
308,"Palos Verdes Estates city, California",13438,13438,13435,13480,13508,13541,13548,13555,13536,13462,13360,13273,Palos Verdes Estates,", California"
309,"Paradise city, California",26218,26219,26198,26085,26165,26245,26353,26378,26482,26629,26711,4476,Paradise,", California"
310,"Paramount city, California",54098,54098,54104,54329,54580,54854,54914,54971,54789,54621,54259,53955,Paramount,", California"
311,"Parlier city, California",14494,14596,14614,14703,14789,14882,14991,15141,15213,15283,15342,15618,Parlier,", California"
312,"Pasadena city, California",137122,137114,137111,137652,138097,139292,139529,141025,141601,141757,140906,141029,Pasadena,", California"
313,"Patterson city, California",20413,20629,20647,20719,20827,20985,21270,21509,21824,22125,22345,22524,Patterson,", California"
314,"Perris city, California",68386,68564,69000,70426,71229,72295,73485,74613,76046,77563,78903,79291,Perris,", California"
315,"Petaluma city, California",57941,57968,58037,58236,58728,59337,59753,60295,60468,60682,61826,60520,Petaluma,", California"
316,"Pico Rivera city, California",62942,62958,62960,63221,63430,63597,63637,63670,63438,63133,62677,62027,Pico Rivera,", California"
317,"Piedmont city, California",10667,10695,10711,10815,10946,11085,11228,11361,11401,11368,11251,11135,Piedmont,", California"
318,"Pinole city, California",18390,18330,18377,18528,18701,18880,19057,19232,19330,19333,19325,19250,Pinole,", California"
319,"Pismo Beach city, California",7655,7655,7667,7696,7781,7856,7900,8117,8180,8220,8206,8168,Pismo Beach,", California"
320,"Pittsburg city, California",63264,63259,63522,64546,65523,66646,67974,69260,70798,72000,72450,72588,Pittsburg,", California"
321,"Placentia city, California",50533,50915,50994,51503,51838,52105,52108,52202,52154,51916,51538,51233,Placentia,", California"
322,"Placerville city, California",10389,10488,10479,10436,10445,10562,10674,10762,10810,11020,11064,11175,Placerville,", California"
323,"Pleasant Hill city, California",33152,33076,33155,33420,33735,34062,34385,34700,34883,34903,34889,34839,Pleasant Hill,", California"
324,"Pleasanton city, California",70285,70280,70381,71133,72098,74026,77454,79265,82330,82831,82357,81777,Pleasanton,", California"
325,"Plymouth city, California",1005,987,985,979,971,968,965,973,985,995,1036,1076,Plymouth,", California"
326,"Point Arena city, California",449,449,449,447,448,446,448,448,448,449,452,449,Point Arena,", California"
327,"Pomona city, California",149058,149061,149107,149693,150453,151072,152225,152407,152445,152468,151925,151691,Pomona,", California"
328,"Porterville city, California",54165,58104,58197,58540,58708,58891,58995,59721,59699,59745,59685,59599,Porterville,", California"
329,"Port Hueneme city, California",21723,21743,21726,21755,21823,22114,22049,22334,22243,22217,22117,21926,Port Hueneme,", California"
330,"Portola city, California",2104,2104,2093,2060,2014,1961,1929,1906,1927,1922,1928,1930,Portola,", California"
331,"Portola Valley city, California",4353,4353,4359,4410,4466,4514,4572,4603,4612,4596,4591,4568,Portola Valley,", California"
332,"Poway city, California",47811,47805,47951,48622,48997,49377,49649,49877,49915,49802,49576,49323,Poway,", California"
333,"Rancho Cordova city, California",64776,64804,65067,65970,66725,67722,69389,70640,72162,73398,74478,75087,Rancho Cordova,", California"
334,"Rancho Cucamonga city, California",165269,165380,166226,167928,169959,170815,173220,174203,175782,176921,177345,177603,Rancho Cucamonga,", California"
335,"Rancho Mirage city, California",17218,17142,17218,17358,17474,17607,17761,17886,18053,18225,18305,18528,Rancho Mirage,", California"
336,"Rancho Palos Verdes city, California",41643,41688,41692,42027,42202,42326,42368,42401,42303,42136,41821,41530,Rancho Palos Verdes,", California"
337,"Rancho Santa Margarita city, California",47853,47855,47918,48331,48588,49038,49069,49027,48828,48566,48197,47896,Rancho Santa Margarita,", California"
338,"Red Bluff city, California",14076,14071,14086,14060,14056,14022,13987,14097,14167,14265,14303,14539,Red Bluff,", California"
339,"Redding city, California",89861,89857,89895,90180,90397,90773,91120,90963,91203,91525,91606,92590,Redding,", California"
340,"Redlands city, California",68747,68679,68807,69320,69637,69800,70209,70625,71027,71342,71416,71513,Redlands,", California"
341,"Redondo Beach city, California",66748,66931,66933,67192,67438,67629,67673,67771,67809,67511,67206,66749,Redondo Beach,", California"
342,"Redwood City city, California",76815,76817,77010,77970,79188,81034,82741,85274,85293,86394,86105,85925,Redwood City,", California"
343,"Reedley city, California",24194,24306,24414,24768,24848,25002,25395,25541,25583,25602,25607,25658,Reedley,", California"
344,"Rialto city, California",99171,99103,99329,100563,101278,101547,102031,102485,102896,103234,103232,103526,Rialto,", California"
345,"Richmond city, California",103701,103255,103631,104882,106023,107083,107921,109062,109663,109860,110189,110567,Richmond,", California"
346,"Ridgecrest city, California",27616,27616,27684,27904,28275,28569,28591,28616,28604,28699,28851,28973,Ridgecrest,", California"
347,"Rio Dell city, California",3368,3368,3372,3394,3364,3365,3364,3368,3399,3399,3381,3349,Rio Dell,", California"
348,"Rio Vista city, California",7360,7362,7383,7443,7549,7712,8005,8280,8598,8952,9206,9718,Rio Vista,", California"
349,"Ripon city, California",14297,14415,14453,14603,14724,14803,14998,15185,15551,15754,16018,16386,Ripon,", California"
350,"Riverbank city, California",22678,22675,22762,23102,23225,23400,23606,23879,24271,24585,24700,24881,Riverbank,", California"
351,"Riverside city, California",303871,303933,305466,309472,312323,315510,317702,320483,323684,326882,329654,331360,Riverside,", California"
352,"Rocklin city, California",56974,57131,57474,58426,58962,59613,60060,60908,62605,64654,67065,68823,Rocklin,", California"
353,"Rohnert Park city, California",40971,40818,40855,40990,41070,41325,42104,42293,42570,42697,43676,43291,Rohnert Park,", California"
354,"Rolling Hills city, California",1860,1860,1860,1867,1878,1885,1884,1882,1880,1871,1861,1845,Rolling Hills,", California"
355,"Rolling Hills Estates city, California",8067,8060,8062,8098,8145,8183,8193,8211,8203,8176,8114,8058,Rolling Hills Estates,", California"
356,"Rosemead city, California",53764,53771,53795,54022,54215,54398,54429,54440,54332,54221,54226,54058,Rosemead,", California"
357,"Roseville city, California",118788,119277,119916,122725,124432,126769,128397,130018,132708,135077,138953,141500,Roseville,", California"
358,"Ross city, California",2415,2421,2423,2442,2452,2473,2485,2482,2472,2464,2457,2451,Ross,", California"
359,"Sacramento city, California",466488,466383,467286,470902,474226,478214,482762,488133,494127,500777,507737,513624,Sacramento,", California"
360,"St. Helena city, California",5814,5816,5824,5859,5882,5921,5946,6026,6103,6152,6142,6102,St. Helena,", California"
361,"Salinas city, California",150441,150607,150887,152412,153815,154958,155717,156244,156830,156463,155647,155465,Salinas,", California"
362,"San Anselmo city, California",12336,12309,12320,12418,12472,12586,12623,12608,12572,12523,12522,12476,San Anselmo,", California"
363,"San Bernardino city, California",209924,210422,210637,212159,213161,213789,214222,215325,216036,216902,216323,215784,San Bernardino,", California"
364,"San Bruno city, California",41114,41109,41145,41558,42126,42593,42992,43243,43196,43207,43043,42807,San Bruno,", California"
365,"San Buenaventura (Ventura) city, California",106433,107217,107435,108306,109002,109339,109535,109668,109893,110093,110731,109106,San Buenaventura (Ventura),", California"
366,"San Carlos city, California",28406,28379,28417,28750,29122,29426,29723,29901,29894,30393,30331,30185,San Carlos,", California"
367,"San Clemente city, California",63522,63500,63605,64255,64612,64845,64947,65142,65185,64973,64699,64558,San Clemente,", California"
368,"Sand City city, California",334,334,335,337,340,343,377,378,381,384,396,399,Sand City,", California"
369,"San Diego city, California",1307402,1301929,1305906,1319592,1336776,1355320,1375831,1387323,1402089,1412621,1421917,1423851,San Diego,", California"
370,"San Dimas city, California",33371,33375,33377,33509,33637,33745,34319,34344,34236,34128,33881,33621,San Dimas,", California"
371,"San Fernando city, California",23645,23640,23643,23742,23777,24088,24399,24708,24630,24562,24437,24322,San Fernando,", California"
372,"San Francisco city, California",805235,805184,805505,815650,828876,839572,850750,863010,871512,878040,880696,881549,San Francisco,", California"
373,"San Gabriel city, California",39718,39644,39647,39810,39944,40033,40053,40089,40276,40262,40197,39899,San Gabriel,", California"
374,"Sanger city, California",24270,24262,24298,24444,24504,24575,24661,24802,24944,25065,25256,25339,Sanger,", California"
375,"San Jacinto city, California",44199,44213,44417,44953,45364,45829,46231,46645,47319,48088,48734,49215,San Jacinto,", California"
376,"San Joaquin city, California",4001,3994,3995,3993,3996,4005,4004,4013,4020,4026,4022,4021,San Joaquin,", California"
377,"San Jose city, California",945942,952528,954940,970369,983530,1001279,1014273,1025980,1030242,1032335,1028020,1021795,San Jose,", California"
378,"San Juan Bautista city, California",1862,1843,1850,1861,1879,1897,1906,1926,1956,1964,1954,2104,San Juan Bautista,", California"
379,"San Juan Capistrano city, California",34593,34426,34483,34862,35096,35525,35779,35935,35941,35882,35902,35911,San Juan Capistrano,", California"
380,"San Leandro city, California",84950,84977,85119,85921,86976,88074,89195,90538,90706,90418,89713,88815,San Leandro,", California"
381,"San Luis Obispo city, California",45119,45121,45156,45346,45728,46236,46478,47016,47313,47344,47300,47459,San Luis Obispo,", California"
382,"San Marcos city, California",83781,83631,83926,85001,86816,89423,92372,93199,94932,95614,96480,96664,San Marcos,", California"
383,"San Marino city, California",13147,13101,13104,13155,13192,13235,13263,13308,13291,13244,13137,13048,San Marino,", California"
384,"San Mateo city, California",97207,97195,97383,98518,99816,101323,102695,103509,104357,104389,104885,104430,San Mateo,", California"
385,"San Pablo city, California",29139,29512,29474,29517,29800,30083,30365,30724,30999,31077,31100,30990,San Pablo,", California"
386,"San Rafael city, California",57713,57698,57797,58232,58448,58995,59130,59074,58918,58801,58704,58440,San Rafael,", California"
387,"San Ramon city, California",72148,71412,71585,72174,72850,73560,74329,75138,75703,75795,75851,75995,San Ramon,", California"
388,"Santa Ana city, California",324528,324774,325327,328227,330550,333716,333431,333417,333765,332627,331912,332318,Santa Ana,", California"
389,"Santa Barbara city, California",88410,88380,88468,88605,89285,90082,90815,91275,91518,91517,91203,91364,Santa Barbara,", California"
390,"Santa Clara city, California",116468,116453,116761,117836,119337,120486,121967,126024,126429,126709,129085,130365,Santa Clara,", California"
391,"Santa Clarita city, California",176320,208778,208822,209843,210672,211376,212283,213184,213526,213734,213549,212979,Santa Clarita,", California"
392,"Santa Cruz city, California",59946,59944,60578,61434,61954,62731,63172,64082,64396,64815,64643,64608,Santa Cruz,", California"
393,"Santa Fe Springs city, California",16223,16218,16255,16493,16711,16983,17359,17859,17955,17866,17774,17630,Santa Fe Springs,", California"
394,"Santa Maria city, California",99553,99596,99689,100293,101116,102057,103021,104462,105811,106298,107218,107263,Santa Maria,", California"
395,"Santa Monica city, California",89736,89742,89759,90476,91327,92050,92087,92422,92176,91747,91106,90401,Santa Monica,", California"
396,"Santa Paula city, California",29321,29267,29325,29754,29919,30099,30348,30336,30243,30143,29930,29806,Santa Paula,", California"
397,"Santa Rosa city, California",167815,175038,175238,176243,177093,178684,180585,181485,181909,181596,176750,176753,Santa Rosa,", California"
398,"Santee city, California",53413,53420,53640,54523,55381,56151,56828,57471,57678,57825,57944,58081,Santee,", California"
399,"Saratoga city, California",29926,29995,30078,30353,30685,30957,31008,30977,30945,30818,30535,30153,Saratoga,", California"
400,"Sausalito city, California",7061,6953,6959,7018,7047,7115,7159,7157,7136,7108,7101,7068,Sausalito,", California"
401,"Scotts Valley city, California",11580,11573,11581,11621,11653,11743,11828,11907,11910,11891,11817,11757,Scotts Valley,", California"
402,"Seal Beach city, California",24168,24076,24109,24320,24456,24537,24506,24475,24400,24209,24050,23896,Seal Beach,", California"
403,"Seaside city, California",33025,33025,33094,33329,33731,33929,33945,34255,34198,33872,33782,33748,Seaside,", California"
404,"Sebastopol city, California",7379,7464,7474,7537,7584,7656,7706,7731,7742,7716,7833,7674,Sebastopol,", California"
405,"Selma city, California",23219,23380,23459,23570,23886,24259,24325,24440,24683,24695,24758,24825,Selma,", California"
406,"Shafter city, California",16988,17104,17160,17440,17194,17273,17612,18367,18985,19472,19998,20401,Shafter,", California"
407,"Shasta Lake city, California",10164,10164,10145,10101,10097,10108,10112,10094,10107,10165,10236,10413,Shasta Lake,", California"
408,"Sierra Madre city, California",10917,10917,10917,10959,10995,11028,11056,11065,11022,10968,10879,10793,Sierra Madre,", California"
409,"Signal Hill city, California",11016,11018,11018,11058,11142,11288,11420,11466,11602,11551,11516,11421,Signal Hill,", California"
410,"Simi Valley city, California",124237,124242,124463,125019,125274,125868,126239,126123,125958,126107,125438,125613,Simi Valley,", California"
411,"Solana Beach city, California",12867,12867,12898,13013,13112,13219,13283,13374,13400,13377,13339,13296,Solana Beach,", California"
412,"Soledad city, California",25738,25738,26027,26391,26459,25772,25239,24882,25594,26154,25968,25999,Soledad,", California"
413,"Solvang city, California",5245,5228,5236,5259,5306,5355,5468,5680,5749,5865,5861,5838,Solvang,", California"
414,"Sonoma city, California",10648,10657,10668,10707,10805,10872,10968,11009,11047,11070,11227,11024,Sonoma,", California"
415,"Sonora city, California",4903,4905,4899,4867,4819,4814,4807,4812,4820,4835,4859,4864,Sonora,", California"
416,"South El Monte city, California",20116,20096,20100,20187,20261,20341,20351,20688,20818,20865,20729,20574,South El Monte,", California"
417,"South Gate city, California",94396,94412,94434,94591,94577,94674,94741,95597,95245,94848,94135,93444,South Gate,", California"
418,"South Lake Tahoe city, California",21403,21397,21410,21376,21292,21360,21512,21722,21761,21943,22052,22197,South Lake Tahoe,", California"
419,"South Pasadena city, California",25619,25605,25607,25701,25798,25872,25897,25914,25826,25707,25530,25329,South Pasadena,", California"
420,"South San Francisco city, California",63632,63622,63701,64448,65581,66237,66813,67221,67220,67180,67617,67789,South San Francisco,", California"
421,"Stanton city, California",38186,37827,37900,38231,38374,38550,38504,38655,38627,38382,38172,38139,Stanton,", California"
422,"Stockton city, California",291707,292182,292888,295363,297045,297493,301062,304550,307158,310143,311628,312697,Stockton,", California"
423,"Suisun City city, California",28111,28059,28098,28267,28463,28670,29064,29265,29362,29477,29660,29663,Suisun City,", California"
424,"Sunnyvale city, California",140081,140060,140462,143805,146436,148055,149769,151630,153544,153217,152807,152703,Sunnyvale,", California"
425,"Susanville city, California",17947,17943,17725,17273,16606,15519,15505,15209,14786,15239,15102,15010,Susanville,", California"
426,"Sutter Creek city, California",2501,2523,2519,2501,2479,2469,2480,2503,2533,2572,2614,2622,Sutter Creek,", California"
427,"Taft city, California",9327,9289,9285,9285,8922,8926,8887,9466,9357,9386,9381,9272,Taft,", California"
428,"Tehachapi city, California",14414,14420,14367,14332,13827,13289,13227,13004,12471,12565,12399,13011,Tehachapi,", California"
429,"Tehama city, California",418,418,419,418,417,415,414,417,418,421,422,373,Tehama,", California"
430,"Temecula city, California",100097,100013,100703,102640,104295,106073,108671,111140,112402,113987,114614,114761,Temecula,", California"
431,"Temple City city, California",35558,35554,35556,35721,35860,35910,35922,36059,36250,36152,36008,35811,Temple City,", California"
432,"Thousand Oaks city, California",126683,126490,126732,127325,127657,128224,128636,128632,128480,128229,127279,126813,Thousand Oaks,", California"
433,"Tiburon city, California",8962,8947,8957,9033,9072,9161,9194,9190,9158,9126,9121,9084,Tiburon,", California"
434,"Torrance city, California",145438,145151,145154,145769,146257,146671,146845,146950,146416,145781,144706,143592,Torrance,", California"
435,"Tracy city, California",82922,83423,83620,84302,84727,84872,85713,86953,89181,90701,91818,94740,Tracy,", California"
436,"Trinidad city, California",367,369,369,368,363,361,358,357,361,361,360,355,Trinidad,", California"
437,"Truckee city, California",16180,16163,16167,16151,16083,16085,16238,16266,16350,16482,16537,16735,Truckee,", California"
438,"Tulare city, California",59278,59293,59432,59789,60625,60905,61444,61915,62538,63486,64274,65496,Tulare,", California"
439,"Tulelake city, California",1010,1010,1009,1003,993,985,986,987,986,986,982,978,Tulelake,", California"
440,"Turlock city, California",68549,68712,68848,69251,69719,70261,70868,71776,72578,73241,73396,73631,Turlock,", California"
441,"Tustin city, California",75540,75317,75472,76227,77575,78122,80138,80088,80245,80121,79578,79348,Tustin,", California"
442,"Twentynine Palms city, California",25048,25048,25101,25362,25607,25686,25751,25871,25941,26478,26371,26073,Twentynine Palms,", California"
443,"Ukiah city, California",16075,16083,16024,15919,15909,15854,15873,15831,15828,15956,16151,15995,Ukiah,", California"
444,"Union City city, California",69516,69531,69630,70597,71642,72552,73481,74343,75465,75227,74560,74107,Union City,", California"
445,"Upland city, California",73732,73718,73884,74465,74933,75188,75542,75970,76374,76778,76833,77140,Upland,", California"
446,"Vacaville city, California",92428,92422,92557,93225,93660,94023,95394,96224,97994,99604,99949,100670,Vacaville,", California"
447,"Vallejo city, California",115942,115914,116137,116709,117599,118550,119602,120477,120949,121546,121677,121692,Vallejo,", California"
448,"Vernon city, California",112,112,112,112,113,113,113,113,113,112,111,110,Vernon,", California"
449,"Victorville city, California",115903,115899,116278,117891,119831,120697,121087,121442,121725,121988,121952,122385,Victorville,", California"
450,"Villa Park city, California",5812,5822,5830,5882,5913,5940,5933,5928,5907,5867,5823,5790,Villa Park,", California"
451,"Visalia city, California",124442,124528,124869,125649,126420,127309,128482,129369,130662,132388,133428,134605,Visalia,", California"
452,"Vista city, California",93834,93186,93401,94355,95307,96211,96999,99623,100746,100740,100784,101638,Vista,", California"
453,"Walnut city, California",29172,29177,29203,29471,29842,29919,29940,29990,29925,30015,29910,29685,Walnut,", California"
454,"Walnut Creek city, California",64173,64157,64314,64827,65529,66812,67500,68747,69235,69645,69843,70166,Walnut Creek,", California"
455,"Wasco city, California",25545,25549,25683,25845,25471,25909,26201,26161,26322,26855,27915,28710,Wasco,", California"
456,"Waterford city, California",8456,8461,8468,8498,8541,8579,8679,8744,8823,8898,8936,8962,Waterford,", California"
457,"Watsonville city, California",51199,51214,51278,51593,51887,52412,52959,53528,53774,53919,53875,53856,Watsonville,", California"
458,"Weed city, California",2967,2967,2981,2980,2938,2884,2712,2542,2643,2705,2695,2725,Weed,", California"
459,"West Covina city, California",106098,106108,106123,106721,107082,107348,107447,107540,107437,106942,105964,105101,West Covina,", California"
460,"West Hollywood city, California",34399,34351,34359,34501,34631,35101,35475,35856,36510,36796,36687,36475,West Hollywood,", California"
461,"Westlake Village city, California",8270,8303,8305,8350,8401,8446,8452,8457,8428,8392,8327,8217,Westlake Village,", California"
462,"Westminster city, California",89701,89619,89772,90710,91223,91624,91555,91582,91510,91176,90742,90643,Westminster,", California"
463,"Westmorland city, California",2225,2230,2234,2253,2255,2256,2263,2258,2267,2272,2270,2254,Westmorland,", California"
464,"West Sacramento city, California",48744,48744,48842,49106,49528,49978,51637,52431,52933,53304,53601,53519,West Sacramento,", California"
465,"Wheatland city, California",3456,3504,3514,3518,3524,3508,3508,3728,3763,3819,3869,3873,Wheatland,", California"
466,"Whittier city, California",85331,85313,85319,85633,85968,86326,86482,86705,86600,86326,85791,85098,Whittier,", California"
467,"Wildomar city, California",32176,32210,32416,32908,33230,33639,35111,35317,35920,36697,37086,37229,Wildomar,", California"
468,"Williams city, California",5123,5094,5110,5105,5107,5125,5098,5106,5145,5265,5242,5408,Williams,", California"
469,"Willits city, California",4888,4926,4922,4881,4874,4859,4862,4867,4885,4898,4925,4890,Willits,", California"
470,"Willows city, California",6166,6163,6148,6138,6084,6064,6064,6011,6018,6005,6004,6072,Willows,", California"
471,"Windsor city, California",26801,26791,26811,26882,26994,27157,27280,27373,27493,27431,27769,27128,Windsor,", California"
472,"Winters city, California",6624,6624,6621,6832,6868,6894,6922,7006,7139,7251,7277,7315,Winters,", California"
473,"Woodlake city, California",7279,7295,7317,7327,7355,7600,7629,7625,7614,7629,7621,7658,Woodlake,", California"
474,"Woodland city, California",55468,55553,55615,55786,56272,56713,57328,58385,59098,59923,60474,60548,Woodland,", California"
475,"Woodside city, California",5287,5284,5291,5353,5412,5471,5521,5555,5570,5547,5504,5458,Woodside,", California"
476,"Yorba Linda city, California",64234,64167,64390,65610,66282,66803,67359,67527,68033,67895,67589,67644,Yorba Linda,", California"
477,"Yountville city, California",2933,2925,2927,2938,2944,2954,2971,2992,2992,2977,2982,2966,Yountville,", California"
478,"Yreka city, California",7765,7762,7789,7743,7646,7546,7533,7539,7545,7557,7523,7518,Yreka,", California"
479,"Yuba City city, California",64925,65634,65631,65364,65283,65538,65757,66134,66218,66564,66695,67010,Yuba City,", California"
480,"Yucaipa city, California",51367,51347,51474,51954,52280,52546,52730,52981,53186,53496,53557,53921,Yucaipa,", California"
481,"Yucca Valley city, California",20700,20652,20695,20867,20991,21044,21304,21431,21538,21650,21691,21777,Yucca Valley,", California"
